{"ts": {"adsb_one": 1775928313.733311, "adsb_lol": 1775928406.050612, "adsb_fi": 1775928190.8134232, "opensky": 1775928405.7802932}, "counts": {"adsb_one": 791, "adsb_lol": 826, "adsb_fi": 772, "opensky": 715}}