{"ts": {"adsb_lol": 1775426151.072541, "adsb_one": 1775426151.179043, "adsb_fi": 1775426151.14174, "opensky": 1775426173.777995}, "counts": {"adsb_one": 13, "adsb_lol": 13, "adsb_fi": 13, "opensky": 8}}