{"ts": {"adsb_one": 1776705557.078698, "adsb_lol": 1776705546.793377, "adsb_fi": 1776705557.2195652, "opensky": 1776705556.136108}, "counts": {"adsb_one": 2927, "adsb_lol": 2857, "adsb_fi": 2751, "opensky": 2517}}