{"ts": {"adsb_lol": 1775426629.2795389, "adsb_one": 1775426629.113712, "adsb_fi": 1775426444.238341, "opensky": 1775426629.237822}, "counts": {"adsb_one": 27, "adsb_lol": 27, "adsb_fi": 22, "opensky": 20}}