{"ts": {"adsb_one": 1776789053.5787468, "adsb_lol": 1776789052.202572, "adsb_fi": 1776789052.171082, "opensky": 1776789051.919721}, "counts": {"adsb_one": 1517, "adsb_lol": 1510, "adsb_fi": 1357, "opensky": 1399}}