{"ts": {"adsb_lol": 1775593929.133468, "adsb_one": 1775593929.1437922, "adsb_fi": 1775593929.651244, "opensky": 1775593928.240027}, "counts": {"adsb_one": 2246, "adsb_lol": 2246, "adsb_fi": 1758, "opensky": 1872}}