{"ts": {"adsb_lol": 1775484102.6494029, "adsb_one": 1775484102.663253, "adsb_fi": 1775484102.6229901, "opensky": 1775484102.610611}, "counts": {"adsb_one": 434, "adsb_lol": 434, "adsb_fi": 348, "opensky": 388}}